Model,Accuracy,Precision,Recall,F1,AUC
LogisticRegression,0.94075,0.6,0.012605042016806723,0.02469135802469136,0.7123563141364999
DecisionTree,0.93575,0.21212121212121213,0.029411764705882353,0.05166051660516605,0.6690673877206386
RandomForest,0.9405,0.0,0.0,0.0,0.7309841001791466
AdaBoost,0.9375,0.25,0.025210084033613446,0.04580152671755725,0.6867776616228629
KNN,0.939,0.3125,0.02100840336134454,0.03937007874015749,0.6046762405121539
GaussianNB,0.57925,0.09157716223855286,0.680672268907563,0.16143497757847536,0.6785038576834244
